{
  "publicPath": "/dist/",
  "all": [
    "6.2282d933c183a7b0c466.js",
    "0.6bc69fe2fe3d8d22237f.js",
    "2.d68eed29e79269f71a1d.js",
    "3.09172730ef6f4ea174b6.js",
    "4.29e5cb1a334d947db4c7.js",
    "5.de3d4788a3c10dd858f4.js",
    "1.0216267280a565069d1c.js",
    "7.d5d1e919ce6a0000dba4.js",
    "vendor.2e8b8ef08ea08b9a84ae.js",
    "app.ec11b3c7322368487b6d.js",
    "manifest.4f620fd9bb1e1daef34e.js",
    "common.ec11b3c7322368487b6d.css"
  ],
  "initial": [
    "manifest.4f620fd9bb1e1daef34e.js",
    "vendor.2e8b8ef08ea08b9a84ae.js",
    "app.ec11b3c7322368487b6d.js"
  ],
  "async": [
    "6.2282d933c183a7b0c466.js",
    "0.6bc69fe2fe3d8d22237f.js",
    "2.d68eed29e79269f71a1d.js",
    "3.09172730ef6f4ea174b6.js",
    "4.29e5cb1a334d947db4c7.js",
    "5.de3d4788a3c10dd858f4.js",
    "1.0216267280a565069d1c.js",
    "7.d5d1e919ce6a0000dba4.js"
  ],
  "modules": {
    "49193011": [
      8
    ],
    "81163864": [
      8
    ],
    "91842f72": [
      8
    ],
    "53389b28": [
      8
    ],
    "40c8eb84": [
      8
    ],
    "007bc4a8": [
      8
    ],
    "64099e86": [
      8
    ],
    "4d7bb436": [
      8
    ],
    "55c5bd95": [
      8
    ],
    "5bee19ad": [
      8
    ],
    "913d36b6": [
      8
    ],
    "08cd795b": [
      8
    ],
    "4d40b64e": [
      8
    ],
    "19307b80": [
      8
    ],
    "2f913786": [
      8
    ],
    "982b78ec": [
      8
    ],
    "06169bb4": [
      8
    ],
    "5e714e30": [
      8
    ],
    "7b9a8900": [
      8
    ],
    "dd8036d4": [
      8
    ],
    "6f75b886": [
      8
    ],
    "2049df22": [
      8
    ],
    "48fad171": [
      8
    ],
    "64ea977f": [
      8
    ],
    "2906fddf": [
      8
    ],
    "7c1aaf69": [
      8
    ],
    "0216f55e": [
      8
    ],
    "585ecde4": [
      8
    ],
    "2e2790d5": [
      8
    ],
    "a55ca472": [
      8
    ],
    "dcef7cb0": [
      8
    ],
    "082884e7": [
      8
    ],
    "496a922a": [
      8
    ],
    "01cfc7fb": [
      8
    ],
    "735f89fa": [
      8
    ],
    "21e967d4": [
      8
    ],
    "e413a67a": [
      8
    ],
    "02c06050": [
      8
    ],
    "eb44b4ac": [
      8
    ],
    "159dd5b4": [
      8
    ],
    "053dd966": [
      8
    ],
    "098db024": [
      8
    ],
    "64faa8da": [
      8
    ],
    "0a6e465a": [
      8
    ],
    "5c4a166c": [
      8
    ],
    "07f5e866": [
      8
    ],
    "3ef7691a": [
      8
    ],
    "12d0bef2": [
      8
    ],
    "c480fcec": [
      8
    ],
    "283719cc": [
      8
    ],
    "5ed569f5": [
      8
    ],
    "41810b38": [
      8
    ],
    "970b1ee4": [
      8
    ],
    "358963de": [
      8
    ],
    "2c1a601b": [
      8
    ],
    "d5c35e12": [
      8
    ],
    "526745b2": [
      8
    ],
    "748b6c8b": [
      8
    ],
    "611f3902": [
      8
    ],
    "7df7513c": [
      8
    ],
    "1ed94fd4": [
      8
    ],
    "1caf1fb6": [
      8
    ],
    "4bf73c58": [
      8
    ],
    "659936e8": [
      8
    ],
    "32a264c7": [
      8
    ],
    "0517d8d7": [
      8
    ],
    "5d0d69f6": [
      8
    ],
    "2d729764": [
      8
    ],
    "d2c4d2a2": [
      8
    ],
    "a1ce047e": [
      8
    ],
    "32fa4d35": [
      8
    ],
    "053b938b": [
      8
    ],
    "262e0a39": [
      9,
      11
    ],
    "435b1300": [
      9,
      11
    ],
    "36db5cdf": [
      8
    ],
    "4af29f6b": [
      8
    ],
    "3058e54c": [
      8
    ],
    "b2e274e4": [
      8
    ],
    "96b44582": [
      9,
      11
    ],
    "28a4c51a": [
      9,
      11
    ],
    "ab2cbe4c": [
      9,
      11
    ],
    "7967b176": [
      8
    ],
    "67dd7461": [
      8
    ],
    "e6e136f2": [
      8
    ],
    "cda56098": [
      8
    ],
    "13bd796a": [
      8
    ],
    "435a1b42": [
      8
    ],
    "5bd0c0a2": [
      8
    ],
    "58bccb13": [
      8
    ],
    "d03da1b4": [
      8
    ],
    "08d208b4": [
      8
    ],
    "2e90f476": [
      8
    ],
    "9edcea7a": [
      8
    ],
    "0586bbd0": [
      8
    ],
    "3ec005e5": [
      8
    ],
    "7dc9aa0c": [
      8
    ],
    "2d03706b": [
      8
    ],
    "6319114e": [
      8
    ],
    "0c45d964": [
      8
    ],
    "f63a7572": [
      8
    ],
    "989cb6d8": [
      8
    ],
    "59909c6e": [
      8
    ],
    "ea16bca6": [
      8
    ],
    "55c0ba74": [
      8
    ],
    "2a57644a": [
      8
    ],
    "06ebe6ee": [
      8
    ],
    "b93018c8": [
      8
    ],
    "0c631dfd": [
      8
    ],
    "1788c4dc": [
      8
    ],
    "72737b7a": [
      8
    ],
    "486a8798": [
      8
    ],
    "8029f3f8": [
      8
    ],
    "aa396376": [
      8
    ],
    "110e6191": [
      8
    ],
    "4344f080": [
      8
    ],
    "79d9e8ce": [
      8
    ],
    "f9e0ed12": [
      8
    ],
    "74d2622a": [
      8
    ],
    "1c5c3a7c": [
      8
    ],
    "8c167bc8": [
      8
    ],
    "6c45caa7": [
      8
    ],
    "768a82fd": [
      8
    ],
    "19b20a77": [
      8
    ],
    "6720f15a": [
      8
    ],
    "7e29214c": [
      8
    ],
    "6e5c6afa": [
      8
    ],
    "3b8e120a": [
      8
    ],
    "d3108002": [
      8
    ],
    "34857a8d": [
      8
    ],
    "c9299820": [
      8
    ],
    "aefd3cd4": [
      8
    ],
    "5c702190": [
      8
    ],
    "9f691c2a": [
      8
    ],
    "63dd8462": [
      8
    ],
    "1339fe10": [
      8
    ],
    "3c09a747": [
      8
    ],
    "10b1911e": [
      8
    ],
    "2b15fe47": [
      8
    ],
    "6f72eaea": [
      8
    ],
    "4ecf4409": [
      8
    ],
    "086d46f0": [
      8
    ],
    "068ffbce": [
      8
    ],
    "34e9abb6": [
      8
    ],
    "6f356aa4": [
      8
    ],
    "3a066417": [
      8
    ],
    "356d3d28": [
      8
    ],
    "2144ab77": [
      8
    ],
    "1753d234": [
      8
    ],
    "1e26fcbe": [
      8
    ],
    "659f384a": [
      8
    ],
    "1acdab64": [
      8
    ],
    "f2e985bc": [
      8
    ],
    "5e79860a": [
      8
    ],
    "2195c57f": [
      8
    ],
    "435abb0e": [
      8
    ],
    "5c236b92": [
      8
    ],
    "053707d5": [
      8
    ],
    "374e5474": [
      8
    ],
    "e41779c4": [
      8
    ],
    "6f6f72fa": [
      8
    ],
    "c54af98c": [
      8
    ],
    "31d899fa": [
      8
    ],
    "585fb3ca": [
      9,
      11
    ],
    "055bfab9": [
      9,
      11
    ],
    "fb5de7fa": [
      1
    ],
    "37609ac8": [
      1
    ],
    "ba17fac8": [
      1
    ],
    "11300c78": [
      1
    ],
    "a9012d62": [
      2
    ],
    "5ec5ddcb": [
      2
    ],
    "5f608e01": [
      2
    ],
    "3fe7c320": [
      2
    ],
    "393e56a2": [
      4
    ],
    "f116c676": [
      4
    ],
    "58204e84": [
      3
    ],
    "2d704708": [
      3
    ],
    "98d95f78": [
      7
    ],
    "db48e320": [
      6
    ],
    "e89ec8da": [
      6
    ],
    "39e7213f": [
      6
    ],
    "3010f469": [
      0
    ],
    "0a9da81e": [
      0
    ],
    "a8fa3fe0": [
      5
    ],
    "c4d1a8b6": [
      5
    ],
    "a5ea658a": [
      1
    ],
    "e5b8d3f2": [
      2
    ],
    "0efadecf": [
      4
    ],
    "3f1b160c": [
      3
    ],
    "071f5e16": [
      7
    ],
    "cf6c618e": [
      6
    ],
    "71d5105c": [
      0
    ],
    "fabcb3e2": [
      5
    ]
  }
}